weathersit,workingday,hr,n,mean,median,sd,n_days,ci_low,ci_high,valid_bootstrap_draws,ci_status
1,0,0,162,97.95679012345678,97.0,49.42682008454482,162,88.2558383233533,107.33752878857669,2000,available
1,0,1,149,72.25503355704699,72.0,36.3554439141487,149,65.23985401459854,79.20404526358585,2000,available
1,0,2,149,53.12751677852349,56.0,25.75804481799813,149,48.03272596319229,57.962761824324325,2000,available
1,0,3,148,26.06081081081081,26.0,14.298673337133737,148,23.42666176470588,28.681181818181813,2000,available
1,0,4,150,8.306666666666667,8.0,5.051342657137904,150,7.395912535180774,9.200132450331125,2000,available
1,0,5,152,9.572368421052632,8.0,7.1535680660274386,152,8.420617619272555,10.797471402769414,2000,available
1,0,6,148,20.75,19.0,16.878467141930415,148,17.96961561928005,23.791291197329993,2000,available
1,0,7,156,48.743589743589745,43.0,41.59231811747745,156,42.027370223503965,56.831848986856514,2000,available
1,0,8,160,111.975,107.0,68.33877413529207,160,99.58544472247497,125.16115845959595,2000,available
1,0,9,160,184.51875,183.5,93.69769211598353,160,165.29779512920618,203.5581423611111,2000,available
1,0,10,158,276.88607594936707,272.0,126.79367736670679,158,249.40094191522763,302.486461038961,2000,available
1,0,11,163,340.85276073619633,333.0,154.47770357829998,163,308.452351412606,371.68969051807704,2000,available
1,0,12,160,395.75625,376.5,173.87452089738622,160,360.0556379041683,430.8326623376623,2000,available
1,0,13,168,396.44642857142856,376.5,174.31940396280328,168,361.46690127140636,430.6688770999116,2000,available
1,0,14,167,393.622754491018,380.0,168.82055835974833,167,359.2402826532105,427.48504601226995,2000,available
1,0,15,163,384.00613496932516,387.0,165.11427008091107,163,350.8310531122906,417.69948712437963,2000,available
1,0,16,160,376.7125,373.5,166.915803258285,160,343.68046677722083,411.87050820616184,2000,available
1,0,17,161,342.0621118012422,349.0,172.39843711012122,161,306.51269921513517,377.98216463414633,2000,available
1,0,18,159,299.8930817610063,297.0,154.4519339100159,159,269.3490877041069,331.8929137286552,2000,available
1,0,19,160,247.14375,252.5,132.37077937041875,160,219.987615110122,273.4914262856127,2000,available
1,0,20,163,188.22085889570553,193.0,103.32431409502975,163,166.59167969207923,209.03829418849742,2000,available
1,0,21,160,152.1,152.0,88.64239512691701,160,134.8388879974326,170.22347410442273,2000,available
1,0,22,156,126.03846153846153,117.5,75.01757941205295,156,112.29318965517241,139.96347930208688,2000,available
1,0,23,149,88.50335570469798,78.0,56.719154512943504,149,78.36632298752835,98.4366128156394,2000,available
1,1,0,327,39.94189602446483,37.0,22.350107123201987,327,36.44695418196449,43.32233590324601,2000,available
1,1,1,341,17.853372434017594,15.0,11.892245202070926,341,16.158792335115866,19.545311050407175,2000,available
1,1,2,329,9.091185410334347,8.0,6.070034465107379,329,8.26760725849973,9.880431173052123,2000,available
1,1,3,307,5.214983713355049,5.0,3.20834852296815,307,4.7858168979103395,5.632488746050296,2000,available
1,1,4,307,5.488599348534202,5.0,3.171930659739532,307,5.006577340133722,5.98505366161616,2000,available
1,1,5,311,25.713826366559484,26.0,12.233683082510462,311,23.385096920691186,27.916801948051948,2000,available
1,1,6,305,107.51147540983607,106.0,45.75989287043153,305,98.2548629112662,115.9668079584775,2000,available
1,1,7,287,311.1463414634146,309.0,135.13807822970278,287,281.74476211094697,338.2020126963606,2000,available
1,1,8,280,503.8642857142857,486.5,175.25290320541126,280,467.87239626971694,537.9122841769158,2000,available
1,1,9,269,251.29739776951672,233.0,77.78400557347166,269,235.3000541715802,265.93873417197716,2000,available
1,1,10,286,145.83566433566435,139.0,52.06208426800679,286,135.2149503210544,155.57047356603388,2000,available
1,1,11,284,173.11971830985917,170.0,64.93312486875031,284,159.91445371971204,185.07478194918468,2000,available
1,1,12,283,217.64664310954063,210.0,80.34320583911824,283,201.7924627651572,232.58135155880962,2000,available
1,1,13,295,219.00338983050847,211.0,82.49582542747092,295,202.95560425069812,233.5463741028708,2000,available
1,1,14,307,201.92508143322476,190.0,82.8681777990907,307,186.42256423063714,216.34593167701863,2000,available
1,1,15,322,220.16459627329192,210.5,92.852314257215,322,203.6632834367774,236.33733436853,2000,available
1,1,16,350,317.01714285714286,308.0,119.86420082484102,350,294.58610207306873,338.13770222180597,2000,available
1,1,17,346,574.121387283237,572.0,209.3435350260435,346,534.7018262268705,611.6368434343434,2000,available
1,1,18,341,532.366568914956,528.0,209.50494293541018,341,491.9630950817211,569.9604001937478,2000,available
1,1,19,349,376.87679083094554,374.0,157.7695440468537,349,346.97985198889916,404.92667392761393,2000,available
1,1,20,357,270.73389355742296,269.0,117.00018870492758,357,248.73028902273893,291.82961432506886,2000,available
1,1,21,353,202.56657223796034,202.0,84.42968237399614,353,186.64900841801912,217.02216025184126,2000,available
1,1,22,353,149.92067988668555,149.0,66.35231762404307,353,137.69439785052177,161.14301989514718,2000,available
1,1,23,343,96.36151603498543,90.0,48.40119772851254,343,88.71878419452887,103.90465579710146,2000,available
2,0,0,57,78.14035087719299,77.0,42.403014800370045,57,66.20130681818182,90.14285714285714,2000,available
2,0,1,71,66.53521126760563,71.0,37.22128077397026,71,56.71011282333517,76.41110159817352,2000,available
2,0,2,66,55.166666666666664,54.0,32.19774637757855,66,45.57222222222222,64.46774891774892,2000,available
2,0,3,65,26.815384615384616,25.0,16.070053970518725,65,22.452090992647058,31.333561643835615,2000,available
2,0,4,62,8.741935483870968,7.5,5.571989325631355,62,7.345151515151516,10.250749999999996,2000,available
2,0,5,59,6.830508474576271,5.0,5.085993417941154,59,5.5591851368970016,8.274614271938283,2000,available
2,0,6,71,16.197183098591548,13.0,14.27947549888086,71,12.895129870129871,20.140874363327672,2000,available
2,0,7,59,35.610169491525426,28.0,26.61281578044459,59,28.9569021948402,43.0,2000,available
2,0,8,58,101.79310344827586,89.5,90.09171907750451,58,80.80382352941176,129.1802392183288,2000,available
2,0,9,59,155.5593220338983,164.0,83.41468306753059,59,131.8288701393984,178.71169696969696,2000,available
2,0,10,63,227.4920634920635,244.0,113.5115274828058,63,194.6645174129353,258.4684102755026,2000,available
2,0,11,58,279.87931034482756,293.5,132.3021631397078,58,239.7381857366771,318.43487795575896,2000,available
2,0,12,58,307.62068965517244,328.0,143.66845697417577,58,265.21043557168787,348.65601092896173,2000,available
2,0,13,49,341.9183673469388,360.0,161.73780695087618,49,291.08550420168064,393.58812111801234,2000,available
2,0,14,45,325.5777777777778,310.0,146.8788135116357,45,278.9894444444445,369.40089743589743,2000,available
2,0,15,46,330.10869565217394,312.0,156.61463366576209,46,281.5342261904762,377.48912575366063,2000,available
2,0,16,50,351.86,370.5,159.34739484816794,50,301.61204294217686,401.60792173252275,2000,available
2,0,17,46,322.6304347826087,322.0,172.86466880136828,46,270.2011627906977,375.6621398305084,2000,available
2,0,18,53,277.50943396226415,289.0,151.86717661287364,53,230.75394736842105,322.7322825586747,2000,available
2,0,19,50,221.3,211.5,121.4630623284465,50,183.51907051282052,257.4681484115694,2000,available
2,0,20,43,159.06976744186048,154.0,91.24415058846947,43,132.23814255431904,186.94386657101865,2000,available
2,0,21,51,134.15686274509804,128.0,80.59661842757912,51,110.5350487012987,158.15915570175437,2000,available
2,0,22,56,106.82142857142857,92.0,64.40161125676539,56,88.57032467532467,126.37822916666667,2000,available
2,0,23,58,90.93103448275862,74.5,51.23898668792941,58,77.4578220338983,105.15482456140352,2000,available
2,1,0,128,33.46875,28.5,28.952564381276638,128,28.56325899977216,39.23668788410886,2000,available
2,1,1,108,15.166666666666666,13.0,11.625383121010694,108,13.064540760272466,17.653989361702127,2000,available
2,1,2,115,8.460869565217392,7.0,8.301645320458901,115,7.08167748917749,10.101335671883431,2000,available
2,1,3,123,4.861788617886178,4.0,4.043463057322888,123,4.161517857142857,5.673291704170417,2000,available
2,1,4,121,5.68595041322314,6.0,3.1011639155088195,121,5.015993700787401,6.361452715414523,2000,available
2,1,5,146,25.52054794520548,24.0,11.808949953659305,146,23.211552150570068,28.063036027870616,2000,available
2,1,6,146,103.02054794520548,108.0,42.06636287124103,146,94.38905401086609,112.1058026595523,2000,available
2,1,7,155,296.7225806451613,292.0,116.46974611258841,155,272.38430232558136,323.2845123626374,2000,available
2,1,8,171,489.4736842105263,467.0,174.47434720559158,171,451.8923292781288,528.412075134168,2000,available
2,1,9,185,249.5837837837838,235.0,84.16272254412846,185,231.69038276360135,267.72270069112176,2000,available
2,1,10,167,133.80838323353294,133.0,54.09595826290875,167,122.39741295250478,145.39067658148304,2000,available
2,1,11,175,150.46285714285713,149.0,65.64873034863292,175,137.23393304130164,164.54284417735795,2000,available
2,1,12,172,198.30232558139534,201.5,89.55981630348754,172,179.27748792270532,218.02580761515992,2000,available
2,1,13,159,190.08805031446542,187.0,81.37134628075019,159,173.1066479989932,206.98363547758285,2000,available
2,1,14,149,173.34228187919464,169.0,81.38262745521678,149,155.9990157480315,191.38762445887443,2000,available
2,1,15,132,192.16666666666666,190.0,92.78944124804659,132,170.97273496240604,214.3722578015836,2000,available
2,1,16,100,273.53,269.5,137.1007485483768,100,240.55864443639,308.4764612140826,2000,available
2,1,17,101,468.5742574257426,455.0,220.3787805817362,101,416.80092961165053,526.5496120613648,2000,available
2,1,18,105,447.4095238095238,412.0,206.63925716265194,105,396.36907894736845,502.9429074754902,2000,available
2,1,19,110,309.6272727272727,303.5,136.90684297376885,110,278.2186666666667,340.74112978524744,2000,available
2,1,20,97,224.70103092783506,224.0,103.49035431587872,97,200.05538617886177,249.05108060747662,2000,available
2,1,21,107,160.2336448598131,154.0,77.68715435439768,107,141.98708570472044,179.31815594059404,2000,available
2,1,22,108,122.00925925925925,126.5,59.14792091848102,108,107.60981638418079,136.58384747886,2000,available
2,1,23,111,82.16216216216216,72.0,46.859856931559136,111,71.46179072096128,93.79141938250429,2000,available
3,0,0,11,51.0,36.0,37.52865571799768,11,30.0975,74.55595238095238,2000,available
3,0,1,9,52.666666666666664,45.0,29.25320495262015,9,,,2000,withheld: fewer than 10 observed days
3,0,2,13,43.53846153846154,35.0,27.463962401103576,13,30.0,59.5,2000,available
3,0,3,14,17.928571428571427,14.0,14.144660779652108,14,11.74875,25.75,2000,available
3,0,4,15,5.866666666666666,5.0,4.867775477077604,15,3.642857142857143,8.69285714285714,2000,available
3,0,5,11,6.454545454545454,4.0,5.592202363356254,11,3.399375,10.455681818181812,2000,available
3,0,6,10,7.1,5.5,5.546770832355224,10,3.726590909090909,10.857142857142858,2000,available
3,0,7,16,20.125,19.0,13.22056478874232,16,13.5,26.916826923076922,2000,available
3,0,8,13,45.07692307692308,48.0,30.078955928415958,13,28.459999999999997,61.28690476190476,2000,available
3,0,9,12,78.66666666666667,88.0,46.30989160650304,12,53.4925,103.90458333333332,2000,available
3,0,10,10,103.5,56.5,96.3653349383365,10,50.77708333333334,170.0,2000,available
3,0,11,10,104.6,82.5,79.52525804212563,10,57.713736263736266,156.23571428571427,2000,available
3,0,12,13,264.84615384615387,184.0,219.45684699345267,13,139.21085164835165,404.94285714285706,2000,available
3,0,13,14,196.0,132.5,170.04886175630634,14,115.07656250000001,287.6016666666667,2000,available
3,0,14,19,202.47368421052633,190.0,156.81920532222682,19,133.624375,275.4173796791444,2000,available
3,0,15,22,232.1818181818182,257.5,163.659238420403,22,160.50189075630252,301.6671052631579,2000,available
3,0,16,21,172.04761904761904,173.0,126.58336233110423,21,111.2078947368421,229.5319078947368,2000,available
3,0,17,24,201.125,182.5,141.02306703083227,24,146.1575187969925,258.87282608695654,2000,available
3,0,18,18,125.11111111111111,114.0,75.09044655213266,18,91.36077302631578,161.16838235294117,2000,available
3,0,19,20,133.85,114.0,93.82249477772262,20,94.06,180.00624999999997,2000,available
3,0,20,24,111.25,93.5,70.1596006631836,24,83.27577777777778,139.20855978260872,2000,available
3,0,21,19,78.73684210526316,61.0,52.55985170922675,19,57.75848214285714,103.21979813664592,2000,available
3,0,22,18,58.333333333333336,50.0,41.34787852869273,18,40.31229619565217,78.06941176470586,2000,available
3,0,23,23,56.65217391304348,44.0,44.76363042354421,23,39.525657894736845,74.90980113636363,2000,available
3,1,0,41,21.975609756097562,16.0,18.27906973135948,41,16.136079545454546,28.500624999999996,2000,available
3,1,1,45,10.022222222222222,8.0,6.760476344462748,45,8.195490599294947,12.166944444444443,2000,available
3,1,2,43,6.162790697674419,5.0,3.975701390998524,43,5.1025,7.333593749999999,2000,available
3,1,3,40,3.1,3.0,1.8088103471052104,40,2.4838431590656285,3.718836805555555,2000,available
3,1,4,42,4.261904761904762,3.5,2.678364297062976,42,3.4757857142857143,5.125,2000,available
3,1,5,38,16.026315789473685,14.5,11.199630404387419,38,12.43577302631579,19.819155844155837,2000,available
3,1,6,45,66.84444444444445,57.0,42.86392611061383,45,54.100600907029474,81.0386752136752,2000,available
3,1,7,54,163.94444444444446,141.0,111.35163013890364,54,132.52422132374963,199.0873214285714,2000,available
3,1,8,45,262.5111111111111,221.0,158.85307995157353,45,214.98618421052632,313.6021875,2000,available
3,1,9,42,143.35714285714286,127.5,80.95943622326462,42,119.53458377518557,168.46571428571426,2000,available
3,1,10,43,71.79069767441861,62.0,41.05197526686364,43,59.975155279503106,84.7825930232558,2000,available
3,1,11,37,80.67567567567568,65.0,59.95649073103579,37,62.92068256578947,100.83491379310344,2000,available
3,1,12,42,97.76190476190476,75.5,75.39224567870698,42,76.09010695187166,122.48950289575288,2000,available
3,1,13,44,90.63636363636364,69.0,67.58425952325403,44,70.20300324675324,113.24504172015405,2000,available
3,1,14,42,85.71428571428571,67.5,66.49529076092375,42,66.31886252045827,107.86602102102103,2000,available
3,1,15,44,91.0,67.5,65.03022553058031,44,72.7548484848485,111.69356312292356,2000,available
3,1,16,48,165.0625,126.0,131.7554805271347,48,129.1906445556946,205.90531358885016,2000,available
3,1,17,52,310.53846153846155,241.5,223.030241644004,52,247.5727222222222,378.3751488095238,2000,available
3,1,18,51,322.54901960784315,274.0,219.5791714826787,51,262.4041501322751,390.4761278195488,2000,available
3,1,19,39,202.94871794871796,161.0,147.14224208638328,39,160.19954545454544,253.22922979797977,2000,available
3,1,20,44,134.36363636363637,93.0,106.9807830839728,44,100.85671296296297,170.20938891637803,2000,available
3,1,21,38,108.42105263157895,82.5,88.3024996061825,38,78.9953947368421,140.73409090909087,2000,available
3,1,22,37,76.1891891891892,55.0,58.8410466321663,37,57.27738095238095,96.628280730897,2000,available
3,1,23,44,45.56818181818182,39.5,29.29115885920205,44,36.81027738264581,55.26677083333333,2000,available
4,0,1,1,23.0,23.0,,1,,,1261,withheld: fewer than 10 observed days
4,1,16,1,36.0,36.0,,1,,,1257,withheld: fewer than 10 observed days
4,1,18,1,164.0,164.0,,1,,,1270,withheld: fewer than 10 observed days
