dteday,casual,registered,cnt,casual_hour,registered_hour,cnt_hour
2011-01-01,331,654,985,331,654,985
2011-01-02,131,670,801,131,670,801
2011-01-03,120,1229,1349,120,1229,1349
2011-01-04,108,1454,1562,108,1454,1562
2011-01-05,82,1518,1600,82,1518,1600
2011-01-06,88,1518,1606,88,1518,1606
2011-01-07,148,1362,1510,148,1362,1510
2011-01-08,68,891,959,68,891,959
2011-01-09,54,768,822,54,768,822
2011-01-10,41,1280,1321,41,1280,1321
2011-01-11,43,1220,1263,43,1220,1263
2011-01-12,25,1137,1162,25,1137,1162
2011-01-13,38,1368,1406,38,1368,1406
2011-01-14,54,1367,1421,54,1367,1421
2011-01-15,222,1026,1248,222,1026,1248
2011-01-16,251,953,1204,251,953,1204
2011-01-17,117,883,1000,117,883,1000
2011-01-18,9,674,683,9,674,683
2011-01-19,78,1572,1650,78,1572,1650
2011-01-20,83,1844,1927,83,1844,1927
2011-01-21,75,1468,1543,75,1468,1543
2011-01-22,93,888,981,93,888,981
2011-01-23,150,836,986,150,836,986
2011-01-24,86,1330,1416,86,1330,1416
2011-01-25,186,1799,1985,186,1799,1985
2011-01-26,34,472,506,34,472,506
2011-01-27,15,416,431,15,416,431
2011-01-28,38,1129,1167,38,1129,1167
2011-01-29,123,975,1098,123,975,1098
2011-01-30,140,956,1096,140,956,1096
2011-01-31,42,1459,1501,42,1459,1501
2011-02-01,47,1313,1360,47,1313,1360
2011-02-02,72,1454,1526,72,1454,1526
2011-02-03,61,1489,1550,61,1489,1550
2011-02-04,88,1620,1708,88,1620,1708
2011-02-05,100,905,1005,100,905,1005
2011-02-06,354,1269,1623,354,1269,1623
2011-02-07,120,1592,1712,120,1592,1712
2011-02-08,64,1466,1530,64,1466,1530
2011-02-09,53,1552,1605,53,1552,1605
2011-02-10,47,1491,1538,47,1491,1538
2011-02-11,149,1597,1746,149,1597,1746
2011-02-12,288,1184,1472,288,1184,1472
2011-02-13,397,1192,1589,397,1192,1589
2011-02-14,208,1705,1913,208,1705,1913
2011-02-15,140,1675,1815,140,1675,1815
2011-02-16,218,1897,2115,218,1897,2115
2011-02-17,259,2216,2475,259,2216,2475
2011-02-18,579,2348,2927,579,2348,2927
2011-02-19,532,1103,1635,532,1103,1635
2011-02-20,639,1173,1812,639,1173,1812
2011-02-21,195,912,1107,195,912,1107
2011-02-22,74,1376,1450,74,1376,1450
2011-02-23,139,1778,1917,139,1778,1917
2011-02-24,100,1707,1807,100,1707,1807
2011-02-25,120,1341,1461,120,1341,1461
2011-02-26,424,1545,1969,424,1545,1969
2011-02-27,694,1708,2402,694,1708,2402
2011-02-28,81,1365,1446,81,1365,1446
2011-03-01,137,1714,1851,137,1714,1851
2011-03-02,231,1903,2134,231,1903,2134
2011-03-03,123,1562,1685,123,1562,1685
2011-03-04,214,1730,1944,214,1730,1944
2011-03-05,640,1437,2077,640,1437,2077
2011-03-06,114,491,605,114,491,605
2011-03-07,244,1628,1872,244,1628,1872
2011-03-08,316,1817,2133,316,1817,2133
2011-03-09,191,1700,1891,191,1700,1891
2011-03-10,46,577,623,46,577,623
2011-03-11,247,1730,1977,247,1730,1977
2011-03-12,724,1408,2132,724,1408,2132
2011-03-13,982,1435,2417,982,1435,2417
2011-03-14,359,1687,2046,359,1687,2046
2011-03-15,289,1767,2056,289,1767,2056
2011-03-16,321,1871,2192,321,1871,2192
2011-03-17,424,2320,2744,424,2320,2744
2011-03-18,884,2355,3239,884,2355,3239
2011-03-19,1424,1693,3117,1424,1693,3117
2011-03-20,1047,1424,2471,1047,1424,2471
2011-03-21,401,1676,2077,401,1676,2077
2011-03-22,460,2243,2703,460,2243,2703
2011-03-23,203,1918,2121,203,1918,2121
2011-03-24,166,1699,1865,166,1699,1865
2011-03-25,300,1910,2210,300,1910,2210
2011-03-26,981,1515,2496,981,1515,2496
2011-03-27,472,1221,1693,472,1221,1693
2011-03-28,222,1806,2028,222,1806,2028
2011-03-29,317,2108,2425,317,2108,2425
2011-03-30,168,1368,1536,168,1368,1536
2011-03-31,179,1506,1685,179,1506,1685
2011-04-01,307,1920,2227,307,1920,2227
2011-04-02,898,1354,2252,898,1354,2252
2011-04-03,1651,1598,3249,1651,1598,3249
2011-04-04,734,2381,3115,734,2381,3115
2011-04-05,167,1628,1795,167,1628,1795
2011-04-06,413,2395,2808,413,2395,2808
2011-04-07,571,2570,3141,571,2570,3141
2011-04-08,172,1299,1471,172,1299,1471
2011-04-09,879,1576,2455,879,1576,2455
2011-04-10,1188,1707,2895,1188,1707,2895
2011-04-11,855,2493,3348,855,2493,3348
2011-04-12,257,1777,2034,257,1777,2034
2011-04-13,209,1953,2162,209,1953,2162
2011-04-14,529,2738,3267,529,2738,3267
2011-04-15,642,2484,3126,642,2484,3126
2011-04-16,121,674,795,121,674,795
2011-04-17,1558,2186,3744,1558,2186,3744
2011-04-18,669,2760,3429,669,2760,3429
2011-04-19,409,2795,3204,409,2795,3204
2011-04-20,613,3331,3944,613,3331,3944
2011-04-21,745,3444,4189,745,3444,4189
2011-04-22,177,1506,1683,177,1506,1683
2011-04-23,1462,2574,4036,1462,2574,4036
2011-04-24,1710,2481,4191,1710,2481,4191
2011-04-25,773,3300,4073,773,3300,4073
2011-04-26,678,3722,4400,678,3722,4400
2011-04-27,547,3325,3872,547,3325,3872
2011-04-28,569,3489,4058,569,3489,4058
2011-04-29,878,3717,4595,878,3717,4595
2011-04-30,1965,3347,5312,1965,3347,5312
2011-05-01,1138,2213,3351,1138,2213,3351
2011-05-02,847,3554,4401,847,3554,4401
2011-05-03,603,3848,4451,603,3848,4451
2011-05-04,255,2378,2633,255,2378,2633
2011-05-05,614,3819,4433,614,3819,4433
2011-05-06,894,3714,4608,894,3714,4608
2011-05-07,1612,3102,4714,1612,3102,4714
2011-05-08,1401,2932,4333,1401,2932,4333
2011-05-09,664,3698,4362,664,3698,4362
2011-05-10,694,4109,4803,694,4109,4803
2011-05-11,550,3632,4182,550,3632,4182
2011-05-12,695,4169,4864,695,4169,4864
2011-05-13,692,3413,4105,692,3413,4105
2011-05-14,902,2507,3409,902,2507,3409
2011-05-15,1582,2971,4553,1582,2971,4553
2011-05-16,773,3185,3958,773,3185,3958
2011-05-17,678,3445,4123,678,3445,4123
2011-05-18,536,3319,3855,536,3319,3855
2011-05-19,735,3840,4575,735,3840,4575
2011-05-20,909,4008,4917,909,4008,4917
2011-05-21,2258,3547,5805,2258,3547,5805
2011-05-22,1576,3084,4660,1576,3084,4660
2011-05-23,836,3438,4274,836,3438,4274
2011-05-24,659,3833,4492,659,3833,4492
2011-05-25,740,4238,4978,740,4238,4978
2011-05-26,758,3919,4677,758,3919,4677
2011-05-27,871,3808,4679,871,3808,4679
2011-05-28,2001,2757,4758,2001,2757,4758
2011-05-29,2355,2433,4788,2355,2433,4788
2011-05-30,1549,2549,4098,1549,2549,4098
2011-05-31,673,3309,3982,673,3309,3982
2011-06-01,513,3461,3974,513,3461,3974
2011-06-02,736,4232,4968,736,4232,4968
2011-06-03,898,4414,5312,898,4414,5312
2011-06-04,1869,3473,5342,1869,3473,5342
2011-06-05,1685,3221,4906,1685,3221,4906
2011-06-06,673,3875,4548,673,3875,4548
2011-06-07,763,4070,4833,763,4070,4833
2011-06-08,676,3725,4401,676,3725,4401
2011-06-09,563,3352,3915,563,3352,3915
2011-06-10,815,3771,4586,815,3771,4586
2011-06-11,1729,3237,4966,1729,3237,4966
2011-06-12,1467,2993,4460,1467,2993,4460
2011-06-13,863,4157,5020,863,4157,5020
2011-06-14,727,4164,4891,727,4164,4891
2011-06-15,769,4411,5180,769,4411,5180
2011-06-16,545,3222,3767,545,3222,3767
2011-06-17,863,3981,4844,863,3981,4844
2011-06-18,1807,3312,5119,1807,3312,5119
2011-06-19,1639,3105,4744,1639,3105,4744
2011-06-20,699,3311,4010,699,3311,4010
2011-06-21,774,4061,4835,774,4061,4835
2011-06-22,661,3846,4507,661,3846,4507
2011-06-23,746,4044,4790,746,4044,4790
2011-06-24,969,4022,4991,969,4022,4991
2011-06-25,1782,3420,5202,1782,3420,5202
2011-06-26,1920,3385,5305,1920,3385,5305
2011-06-27,854,3854,4708,854,3854,4708
2011-06-28,732,3916,4648,732,3916,4648
2011-06-29,848,4377,5225,848,4377,5225
2011-06-30,1027,4488,5515,1027,4488,5515
2011-07-01,1246,4116,5362,1246,4116,5362
2011-07-02,2204,2915,5119,2204,2915,5119
2011-07-03,2282,2367,4649,2282,2367,4649
2011-07-04,3065,2978,6043,3065,2978,6043
2011-07-05,1031,3634,4665,1031,3634,4665
2011-07-06,784,3845,4629,784,3845,4629
2011-07-07,754,3838,4592,754,3838,4592
2011-07-08,692,3348,4040,692,3348,4040
2011-07-09,1988,3348,5336,1988,3348,5336
2011-07-10,1743,3138,4881,1743,3138,4881
2011-07-11,723,3363,4086,723,3363,4086
2011-07-12,662,3596,4258,662,3596,4258
2011-07-13,748,3594,4342,748,3594,4342
2011-07-14,888,4196,5084,888,4196,5084
2011-07-15,1318,4220,5538,1318,4220,5538
2011-07-16,2418,3505,5923,2418,3505,5923
2011-07-17,2006,3296,5302,2006,3296,5302
2011-07-18,841,3617,4458,841,3617,4458
2011-07-19,752,3789,4541,752,3789,4541
2011-07-20,644,3688,4332,644,3688,4332
2011-07-21,632,3152,3784,632,3152,3784
2011-07-22,562,2825,3387,562,2825,3387
2011-07-23,987,2298,3285,987,2298,3285
2011-07-24,1050,2556,3606,1050,2556,3606
2011-07-25,568,3272,3840,568,3272,3840
2011-07-26,750,3840,4590,750,3840,4590
2011-07-27,755,3901,4656,755,3901,4656
2011-07-28,606,3784,4390,606,3784,4390
2011-07-29,670,3176,3846,670,3176,3846
2011-07-30,1559,2916,4475,1559,2916,4475
2011-07-31,1524,2778,4302,1524,2778,4302
2011-08-01,729,3537,4266,729,3537,4266
2011-08-02,801,4044,4845,801,4044,4845
2011-08-03,467,3107,3574,467,3107,3574
2011-08-04,799,3777,4576,799,3777,4576
2011-08-05,1023,3843,4866,1023,3843,4866
2011-08-06,1521,2773,4294,1521,2773,4294
2011-08-07,1298,2487,3785,1298,2487,3785
2011-08-08,846,3480,4326,846,3480,4326
2011-08-09,907,3695,4602,907,3695,4602
2011-08-10,884,3896,4780,884,3896,4780
2011-08-11,812,3980,4792,812,3980,4792
2011-08-12,1051,3854,4905,1051,3854,4905
2011-08-13,1504,2646,4150,1504,2646,4150
2011-08-14,1338,2482,3820,1338,2482,3820
2011-08-15,775,3563,4338,775,3563,4338
2011-08-16,721,4004,4725,721,4004,4725
2011-08-17,668,4026,4694,668,4026,4694
2011-08-18,639,3166,3805,639,3166,3805
2011-08-19,797,3356,4153,797,3356,4153
2011-08-20,1914,3277,5191,1914,3277,5191
2011-08-21,1249,2624,3873,1249,2624,3873
2011-08-22,833,3925,4758,833,3925,4758
2011-08-23,1281,4614,5895,1281,4614,5895
2011-08-24,949,4181,5130,949,4181,5130
2011-08-25,435,3107,3542,435,3107,3542
2011-08-26,768,3893,4661,768,3893,4661
2011-08-27,226,889,1115,226,889,1115
2011-08-28,1415,2919,4334,1415,2919,4334
2011-08-29,729,3905,4634,729,3905,4634
2011-08-30,775,4429,5204,775,4429,5204
2011-08-31,688,4370,5058,688,4370,5058
2011-09-01,783,4332,5115,783,4332,5115
2011-09-02,875,3852,4727,875,3852,4727
2011-09-03,1935,2549,4484,1935,2549,4484
2011-09-04,2521,2419,4940,2521,2419,4940
2011-09-05,1236,2115,3351,1236,2115,3351
2011-09-06,204,2506,2710,204,2506,2710
2011-09-07,118,1878,1996,118,1878,1996
2011-09-08,153,1689,1842,153,1689,1842
2011-09-09,417,3127,3544,417,3127,3544
2011-09-10,1750,3595,5345,1750,3595,5345
2011-09-11,1633,3413,5046,1633,3413,5046
2011-09-12,690,4023,4713,690,4023,4713
2011-09-13,701,4062,4763,701,4062,4763
2011-09-14,647,4138,4785,647,4138,4785
2011-09-15,428,3231,3659,428,3231,3659
2011-09-16,742,4018,4760,742,4018,4760
2011-09-17,1434,3077,4511,1434,3077,4511
2011-09-18,1353,2921,4274,1353,2921,4274
2011-09-19,691,3848,4539,691,3848,4539
2011-09-20,438,3203,3641,438,3203,3641
2011-09-21,539,3813,4352,539,3813,4352
2011-09-22,555,4240,4795,555,4240,4795
2011-09-23,258,2137,2395,258,2137,2395
2011-09-24,1776,3647,5423,1776,3647,5423
2011-09-25,1544,3466,5010,1544,3466,5010
2011-09-26,684,3946,4630,684,3946,4630
2011-09-27,477,3643,4120,477,3643,4120
2011-09-28,480,3427,3907,480,3427,3907
2011-09-29,653,4186,4839,653,4186,4839
2011-09-30,830,4372,5202,830,4372,5202
2011-10-01,480,1949,2429,480,1949,2429
2011-10-02,616,2302,2918,616,2302,2918
2011-10-03,330,3240,3570,330,3240,3570
2011-10-04,486,3970,4456,486,3970,4456
2011-10-05,559,4267,4826,559,4267,4826
2011-10-06,639,4126,4765,639,4126,4765
2011-10-07,949,4036,4985,949,4036,4985
2011-10-08,2235,3174,5409,2235,3174,5409
2011-10-09,2397,3114,5511,2397,3114,5511
2011-10-10,1514,3603,5117,1514,3603,5117
2011-10-11,667,3896,4563,667,3896,4563
2011-10-12,217,2199,2416,217,2199,2416
2011-10-13,290,2623,2913,290,2623,2913
2011-10-14,529,3115,3644,529,3115,3644
2011-10-15,1899,3318,5217,1899,3318,5217
2011-10-16,1748,3293,5041,1748,3293,5041
2011-10-17,713,3857,4570,713,3857,4570
2011-10-18,637,4111,4748,637,4111,4748
2011-10-19,254,2170,2424,254,2170,2424
2011-10-20,471,3724,4195,471,3724,4195
2011-10-21,676,3628,4304,676,3628,4304
2011-10-22,1499,2809,4308,1499,2809,4308
2011-10-23,1619,2762,4381,1619,2762,4381
2011-10-24,699,3488,4187,699,3488,4187
2011-10-25,695,3992,4687,695,3992,4687
2011-10-26,404,3490,3894,404,3490,3894
2011-10-27,240,2419,2659,240,2419,2659
2011-10-28,456,3291,3747,456,3291,3747
2011-10-29,57,570,627,57,570,627
2011-10-30,885,2446,3331,885,2446,3331
2011-10-31,362,3307,3669,362,3307,3669
2011-11-01,410,3658,4068,410,3658,4068
2011-11-02,370,3816,4186,370,3816,4186
2011-11-03,318,3656,3974,318,3656,3974
2011-11-04,470,3576,4046,470,3576,4046
2011-11-05,1156,2770,3926,1156,2770,3926
2011-11-06,952,2697,3649,952,2697,3649
2011-11-07,373,3662,4035,373,3662,4035
2011-11-08,376,3829,4205,376,3829,4205
2011-11-09,305,3804,4109,305,3804,4109
2011-11-10,190,2743,2933,190,2743,2933
2011-11-11,440,2928,3368,440,2928,3368
2011-11-12,1275,2792,4067,1275,2792,4067
2011-11-13,1004,2713,3717,1004,2713,3717
2011-11-14,595,3891,4486,595,3891,4486
2011-11-15,449,3746,4195,449,3746,4195
2011-11-16,145,1672,1817,145,1672,1817
2011-11-17,139,2914,3053,139,2914,3053
2011-11-18,245,3147,3392,245,3147,3392
2011-11-19,943,2720,3663,943,2720,3663
2011-11-20,787,2733,3520,787,2733,3520
2011-11-21,220,2545,2765,220,2545,2765
2011-11-22,69,1538,1607,69,1538,1607
2011-11-23,112,2454,2566,112,2454,2566
2011-11-24,560,935,1495,560,935,1495
2011-11-25,1095,1697,2792,1095,1697,2792
2011-11-26,1249,1819,3068,1249,1819,3068
2011-11-27,810,2261,3071,810,2261,3071
2011-11-28,253,3614,3867,253,3614,3867
2011-11-29,96,2818,2914,96,2818,2914
2011-11-30,188,3425,3613,188,3425,3613
2011-12-01,182,3545,3727,182,3545,3727
2011-12-02,268,3672,3940,268,3672,3940
2011-12-03,706,2908,3614,706,2908,3614
2011-12-04,634,2851,3485,634,2851,3485
2011-12-05,233,3578,3811,233,3578,3811
2011-12-06,126,2468,2594,126,2468,2594
2011-12-07,50,655,705,50,655,705
2011-12-08,150,3172,3322,150,3172,3322
2011-12-09,261,3359,3620,261,3359,3620
2011-12-10,502,2688,3190,502,2688,3190
2011-12-11,377,2366,2743,377,2366,2743
2011-12-12,143,3167,3310,143,3167,3310
2011-12-13,155,3368,3523,155,3368,3523
2011-12-14,178,3562,3740,178,3562,3740
2011-12-15,181,3528,3709,181,3528,3709
2011-12-16,178,3399,3577,178,3399,3577
2011-12-17,275,2464,2739,275,2464,2739
2011-12-18,220,2211,2431,220,2211,2431
2011-12-19,260,3143,3403,260,3143,3403
2011-12-20,216,3534,3750,216,3534,3750
2011-12-21,107,2553,2660,107,2553,2660
2011-12-22,227,2841,3068,227,2841,3068
2011-12-23,163,2046,2209,163,2046,2209
2011-12-24,155,856,1011,155,856,1011
2011-12-25,303,451,754,303,451,754
2011-12-26,430,887,1317,430,887,1317
2011-12-27,103,1059,1162,103,1059,1162
2011-12-28,255,2047,2302,255,2047,2302
2011-12-29,254,2169,2423,254,2169,2423
2011-12-30,491,2508,2999,491,2508,2999
2011-12-31,665,1820,2485,665,1820,2485
2012-01-01,686,1608,2294,686,1608,2294
2012-01-02,244,1707,1951,244,1707,1951
2012-01-03,89,2147,2236,89,2147,2236
2012-01-04,95,2273,2368,95,2273,2368
2012-01-05,140,3132,3272,140,3132,3272
2012-01-06,307,3791,4098,307,3791,4098
2012-01-07,1070,3451,4521,1070,3451,4521
2012-01-08,599,2826,3425,599,2826,3425
2012-01-09,106,2270,2376,106,2270,2376
2012-01-10,173,3425,3598,173,3425,3598
2012-01-11,92,2085,2177,92,2085,2177
2012-01-12,269,3828,4097,269,3828,4097
2012-01-13,174,3040,3214,174,3040,3214
2012-01-14,333,2160,2493,333,2160,2493
2012-01-15,284,2027,2311,284,2027,2311
2012-01-16,217,2081,2298,217,2081,2298
2012-01-17,127,2808,2935,127,2808,2935
2012-01-18,109,3267,3376,109,3267,3376
2012-01-19,130,3162,3292,130,3162,3292
2012-01-20,115,3048,3163,115,3048,3163
2012-01-21,67,1234,1301,67,1234,1301
2012-01-22,196,1781,1977,196,1781,1977
2012-01-23,145,2287,2432,145,2287,2432
2012-01-24,439,3900,4339,439,3900,4339
2012-01-25,467,3803,4270,467,3803,4270
2012-01-26,244,3831,4075,244,3831,4075
2012-01-27,269,3187,3456,269,3187,3456
2012-01-28,775,3248,4023,775,3248,4023
2012-01-29,558,2685,3243,558,2685,3243
2012-01-30,126,3498,3624,126,3498,3624
2012-01-31,324,4185,4509,324,4185,4509
2012-02-01,304,4275,4579,304,4275,4579
2012-02-02,190,3571,3761,190,3571,3761
2012-02-03,310,3841,4151,310,3841,4151
2012-02-04,384,2448,2832,384,2448,2832
2012-02-05,318,2629,2947,318,2629,2947
2012-02-06,206,3578,3784,206,3578,3784
2012-02-07,199,4176,4375,199,4176,4375
2012-02-08,109,2693,2802,109,2693,2802
2012-02-09,163,3667,3830,163,3667,3830
2012-02-10,227,3604,3831,227,3604,3831
2012-02-11,192,1977,2169,192,1977,2169
2012-02-12,73,1456,1529,73,1456,1529
2012-02-13,94,3328,3422,94,3328,3422
2012-02-14,135,3787,3922,135,3787,3922
2012-02-15,141,4028,4169,141,4028,4169
2012-02-16,74,2931,3005,74,2931,3005
2012-02-17,349,3805,4154,349,3805,4154
2012-02-18,1435,2883,4318,1435,2883,4318
2012-02-19,618,2071,2689,618,2071,2689
2012-02-20,502,2627,3129,502,2627,3129
2012-02-21,163,3614,3777,163,3614,3777
2012-02-22,394,4379,4773,394,4379,4773
2012-02-23,516,4546,5062,516,4546,5062
2012-02-24,246,3241,3487,246,3241,3487
2012-02-25,317,2415,2732,317,2415,2732
2012-02-26,515,2874,3389,515,2874,3389
2012-02-27,253,4069,4322,253,4069,4322
2012-02-28,229,4134,4363,229,4134,4363
2012-02-29,65,1769,1834,65,1769,1834
2012-03-01,325,4665,4990,325,4665,4990
2012-03-02,246,2948,3194,246,2948,3194
2012-03-03,956,3110,4066,956,3110,4066
2012-03-04,710,2713,3423,710,2713,3423
2012-03-05,203,3130,3333,203,3130,3333
2012-03-06,221,3735,3956,221,3735,3956
2012-03-07,432,4484,4916,432,4484,4916
2012-03-08,486,4896,5382,486,4896,5382
2012-03-09,447,4122,4569,447,4122,4569
2012-03-10,968,3150,4118,968,3150,4118
2012-03-11,1658,3253,4911,1658,3253,4911
2012-03-12,838,4460,5298,838,4460,5298
2012-03-13,762,5085,5847,762,5085,5847
2012-03-14,997,5315,6312,997,5315,6312
2012-03-15,1005,5187,6192,1005,5187,6192
2012-03-16,548,3830,4378,548,3830,4378
2012-03-17,3155,4681,7836,3155,4681,7836
2012-03-18,2207,3685,5892,2207,3685,5892
2012-03-19,982,5171,6153,982,5171,6153
2012-03-20,1051,5042,6093,1051,5042,6093
2012-03-21,1122,5108,6230,1122,5108,6230
2012-03-22,1334,5537,6871,1334,5537,6871
2012-03-23,2469,5893,8362,2469,5893,8362
2012-03-24,1033,2339,3372,1033,2339,3372
2012-03-25,1532,3464,4996,1532,3464,4996
2012-03-26,795,4763,5558,795,4763,5558
2012-03-27,531,4571,5102,531,4571,5102
2012-03-28,674,5024,5698,674,5024,5698
2012-03-29,834,5299,6133,834,5299,6133
2012-03-30,796,4663,5459,796,4663,5459
2012-03-31,2301,3934,6235,2301,3934,6235
2012-04-01,2347,3694,6041,2347,3694,6041
2012-04-02,1208,4728,5936,1208,4728,5936
2012-04-03,1348,5424,6772,1348,5424,6772
2012-04-04,1058,5378,6436,1058,5378,6436
2012-04-05,1192,5265,6457,1192,5265,6457
2012-04-06,1807,4653,6460,1807,4653,6460
2012-04-07,3252,3605,6857,3252,3605,6857
2012-04-08,2230,2939,5169,2230,2939,5169
2012-04-09,905,4680,5585,905,4680,5585
2012-04-10,819,5099,5918,819,5099,5918
2012-04-11,482,4380,4862,482,4380,4862
2012-04-12,663,4746,5409,663,4746,5409
2012-04-13,1252,5146,6398,1252,5146,6398
2012-04-14,2795,4665,7460,2795,4665,7460
2012-04-15,2846,4286,7132,2846,4286,7132
2012-04-16,1198,5172,6370,1198,5172,6370
2012-04-17,989,5702,6691,989,5702,6691
2012-04-18,347,4020,4367,347,4020,4367
2012-04-19,846,5719,6565,846,5719,6565
2012-04-20,1340,5950,7290,1340,5950,7290
2012-04-21,2541,4083,6624,2541,4083,6624
2012-04-22,120,907,1027,120,907,1027
2012-04-23,195,3019,3214,195,3019,3214
2012-04-24,518,5115,5633,518,5115,5633
2012-04-25,655,5541,6196,655,5541,6196
2012-04-26,475,4551,5026,475,4551,5026
2012-04-27,1014,5219,6233,1014,5219,6233
2012-04-28,1120,3100,4220,1120,3100,4220
2012-04-29,2229,4075,6304,2229,4075,6304
2012-04-30,665,4907,5572,665,4907,5572
2012-05-01,653,5087,5740,653,5087,5740
2012-05-02,667,5502,6169,667,5502,6169
2012-05-03,764,5657,6421,764,5657,6421
2012-05-04,1069,5227,6296,1069,5227,6296
2012-05-05,2496,4387,6883,2496,4387,6883
2012-05-06,2135,4224,6359,2135,4224,6359
2012-05-07,1008,5265,6273,1008,5265,6273
2012-05-08,738,4990,5728,738,4990,5728
2012-05-09,620,4097,4717,620,4097,4717
2012-05-10,1026,5546,6572,1026,5546,6572
2012-05-11,1319,5711,7030,1319,5711,7030
2012-05-12,2622,4807,7429,2622,4807,7429
2012-05-13,2172,3946,6118,2172,3946,6118
2012-05-14,342,2501,2843,342,2501,2843
2012-05-15,625,4490,5115,625,4490,5115
2012-05-16,991,6433,7424,991,6433,7424
2012-05-17,1242,6142,7384,1242,6142,7384
2012-05-18,1521,6118,7639,1521,6118,7639
2012-05-19,3410,4884,8294,3410,4884,8294
2012-05-20,2704,4425,7129,2704,4425,7129
2012-05-21,630,3729,4359,630,3729,4359
2012-05-22,819,5254,6073,819,5254,6073
2012-05-23,766,4494,5260,766,4494,5260
2012-05-24,1059,5711,6770,1059,5711,6770
2012-05-25,1417,5317,6734,1417,5317,6734
2012-05-26,2855,3681,6536,2855,3681,6536
2012-05-27,3283,3308,6591,3283,3308,6591
2012-05-28,2557,3486,6043,2557,3486,6043
2012-05-29,880,4863,5743,880,4863,5743
2012-05-30,745,6110,6855,745,6110,6855
2012-05-31,1100,6238,7338,1100,6238,7338
2012-06-01,533,3594,4127,533,3594,4127
2012-06-02,2795,5325,8120,2795,5325,8120
2012-06-03,2494,5147,7641,2494,5147,7641
2012-06-04,1071,5927,6998,1071,5927,6998
2012-06-05,968,6033,7001,968,6033,7001
2012-06-06,1027,6028,7055,1027,6028,7055
2012-06-07,1038,6456,7494,1038,6456,7494
2012-06-08,1488,6248,7736,1488,6248,7736
2012-06-09,2708,4790,7498,2708,4790,7498
2012-06-10,2224,4374,6598,2224,4374,6598
2012-06-11,1017,5647,6664,1017,5647,6664
2012-06-12,477,4495,4972,477,4495,4972
2012-06-13,1173,6248,7421,1173,6248,7421
2012-06-14,1180,6183,7363,1180,6183,7363
2012-06-15,1563,6102,7665,1563,6102,7665
2012-06-16,2963,4739,7702,2963,4739,7702
2012-06-17,2634,4344,6978,2634,4344,6978
2012-06-18,653,4446,5099,653,4446,5099
2012-06-19,968,5857,6825,968,5857,6825
2012-06-20,872,5339,6211,872,5339,6211
2012-06-21,778,5127,5905,778,5127,5905
2012-06-22,964,4859,5823,964,4859,5823
2012-06-23,2657,4801,7458,2657,4801,7458
2012-06-24,2551,4340,6891,2551,4340,6891
2012-06-25,1139,5640,6779,1139,5640,6779
2012-06-26,1077,6365,7442,1077,6365,7442
2012-06-27,1077,6258,7335,1077,6258,7335
2012-06-28,921,5958,6879,921,5958,6879
2012-06-29,829,4634,5463,829,4634,5463
2012-06-30,1455,4232,5687,1455,4232,5687
2012-07-01,1421,4110,5531,1421,4110,5531
2012-07-02,904,5323,6227,904,5323,6227
2012-07-03,1052,5608,6660,1052,5608,6660
2012-07-04,2562,4841,7403,2562,4841,7403
2012-07-05,1405,4836,6241,1405,4836,6241
2012-07-06,1366,4841,6207,1366,4841,6207
2012-07-07,1448,3392,4840,1448,3392,4840
2012-07-08,1203,3469,4672,1203,3469,4672
2012-07-09,998,5571,6569,998,5571,6569
2012-07-10,954,5336,6290,954,5336,6290
2012-07-11,975,6289,7264,975,6289,7264
2012-07-12,1032,6414,7446,1032,6414,7446
2012-07-13,1511,5988,7499,1511,5988,7499
2012-07-14,2355,4614,6969,2355,4614,6969
2012-07-15,1920,4111,6031,1920,4111,6031
2012-07-16,1088,5742,6830,1088,5742,6830
2012-07-17,921,5865,6786,921,5865,6786
2012-07-18,799,4914,5713,799,4914,5713
2012-07-19,888,5703,6591,888,5703,6591
2012-07-20,747,5123,5870,747,5123,5870
2012-07-21,1264,3195,4459,1264,3195,4459
2012-07-22,2544,4866,7410,2544,4866,7410
2012-07-23,1135,5831,6966,1135,5831,6966
2012-07-24,1140,6452,7592,1140,6452,7592
2012-07-25,1383,6790,8173,1383,6790,8173
2012-07-26,1036,5825,6861,1036,5825,6861
2012-07-27,1259,5645,6904,1259,5645,6904
2012-07-28,2234,4451,6685,2234,4451,6685
2012-07-29,2153,4444,6597,2153,4444,6597
2012-07-30,1040,6065,7105,1040,6065,7105
2012-07-31,968,6248,7216,968,6248,7216
2012-08-01,1074,6506,7580,1074,6506,7580
2012-08-02,983,6278,7261,983,6278,7261
2012-08-03,1328,5847,7175,1328,5847,7175
2012-08-04,2345,4479,6824,2345,4479,6824
2012-08-05,1707,3757,5464,1707,3757,5464
2012-08-06,1233,5780,7013,1233,5780,7013
2012-08-07,1278,5995,7273,1278,5995,7273
2012-08-08,1263,6271,7534,1263,6271,7534
2012-08-09,1196,6090,7286,1196,6090,7286
2012-08-10,1065,4721,5786,1065,4721,5786
2012-08-11,2247,4052,6299,2247,4052,6299
2012-08-12,2182,4362,6544,2182,4362,6544
2012-08-13,1207,5676,6883,1207,5676,6883
2012-08-14,1128,5656,6784,1128,5656,6784
2012-08-15,1198,6149,7347,1198,6149,7347
2012-08-16,1338,6267,7605,1338,6267,7605
2012-08-17,1483,5665,7148,1483,5665,7148
2012-08-18,2827,5038,7865,2827,5038,7865
2012-08-19,1208,3341,4549,1208,3341,4549
2012-08-20,1026,5504,6530,1026,5504,6530
2012-08-21,1081,5925,7006,1081,5925,7006
2012-08-22,1094,6281,7375,1094,6281,7375
2012-08-23,1363,6402,7765,1363,6402,7765
2012-08-24,1325,6257,7582,1325,6257,7582
2012-08-25,1829,4224,6053,1829,4224,6053
2012-08-26,1483,3772,5255,1483,3772,5255
2012-08-27,989,5928,6917,989,5928,6917
2012-08-28,935,6105,7040,935,6105,7040
2012-08-29,1177,6520,7697,1177,6520,7697
2012-08-30,1172,6541,7713,1172,6541,7713
2012-08-31,1433,5917,7350,1433,5917,7350
2012-09-01,2352,3788,6140,2352,3788,6140
2012-09-02,2613,3197,5810,2613,3197,5810
2012-09-03,1965,4069,6034,1965,4069,6034
2012-09-04,867,5997,6864,867,5997,6864
2012-09-05,832,6280,7112,832,6280,7112
2012-09-06,611,5592,6203,611,5592,6203
2012-09-07,1045,6459,7504,1045,6459,7504
2012-09-08,1557,4419,5976,1557,4419,5976
2012-09-09,2570,5657,8227,2570,5657,8227
2012-09-10,1118,6407,7525,1118,6407,7525
2012-09-11,1070,6697,7767,1070,6697,7767
2012-09-12,1050,6820,7870,1050,6820,7870
2012-09-13,1054,6750,7804,1054,6750,7804
2012-09-14,1379,6630,8009,1379,6630,8009
2012-09-15,3160,5554,8714,3160,5554,8714
2012-09-16,2166,5167,7333,2166,5167,7333
2012-09-17,1022,5847,6869,1022,5847,6869
2012-09-18,371,3702,4073,371,3702,4073
2012-09-19,788,6803,7591,788,6803,7591
2012-09-20,939,6781,7720,939,6781,7720
2012-09-21,1250,6917,8167,1250,6917,8167
2012-09-22,2512,5883,8395,2512,5883,8395
2012-09-23,2454,5453,7907,2454,5453,7907
2012-09-24,1001,6435,7436,1001,6435,7436
2012-09-25,845,6693,7538,845,6693,7538
2012-09-26,787,6946,7733,787,6946,7733
2012-09-27,751,6642,7393,751,6642,7393
2012-09-28,1045,6370,7415,1045,6370,7415
2012-09-29,2589,5966,8555,2589,5966,8555
2012-09-30,2015,4874,6889,2015,4874,6889
2012-10-01,763,6015,6778,763,6015,6778
2012-10-02,315,4324,4639,315,4324,4639
2012-10-03,728,6844,7572,728,6844,7572
2012-10-04,891,6437,7328,891,6437,7328
2012-10-05,1516,6640,8156,1516,6640,8156
2012-10-06,3031,4934,7965,3031,4934,7965
2012-10-07,781,2729,3510,781,2729,3510
2012-10-08,874,4604,5478,874,4604,5478
2012-10-09,601,5791,6392,601,5791,6392
2012-10-10,780,6911,7691,780,6911,7691
2012-10-11,834,6736,7570,834,6736,7570
2012-10-12,1060,6222,7282,1060,6222,7282
2012-10-13,2252,4857,7109,2252,4857,7109
2012-10-14,2080,4559,6639,2080,4559,6639
2012-10-15,760,5115,5875,760,5115,5875
2012-10-16,922,6612,7534,922,6612,7534
2012-10-17,979,6482,7461,979,6482,7461
2012-10-18,1008,6501,7509,1008,6501,7509
2012-10-19,753,4671,5424,753,4671,5424
2012-10-20,2806,5284,8090,2806,5284,8090
2012-10-21,2132,4692,6824,2132,4692,6824
2012-10-22,830,6228,7058,830,6228,7058
2012-10-23,841,6625,7466,841,6625,7466
2012-10-24,795,6898,7693,795,6898,7693
2012-10-25,875,6484,7359,875,6484,7359
2012-10-26,1182,6262,7444,1182,6262,7444
2012-10-27,2643,5209,7852,2643,5209,7852
2012-10-28,998,3461,4459,998,3461,4459
2012-10-29,2,20,22,2,20,22
2012-10-30,87,1009,1096,87,1009,1096
2012-10-31,419,5147,5566,419,5147,5566
2012-11-01,466,5520,5986,466,5520,5986
2012-11-02,618,5229,5847,618,5229,5847
2012-11-03,1029,4109,5138,1029,4109,5138
2012-11-04,1201,3906,5107,1201,3906,5107
2012-11-05,378,4881,5259,378,4881,5259
2012-11-06,466,5220,5686,466,5220,5686
2012-11-07,326,4709,5035,326,4709,5035
2012-11-08,340,4975,5315,340,4975,5315
2012-11-09,709,5283,5992,709,5283,5992
2012-11-10,2090,4446,6536,2090,4446,6536
2012-11-11,2290,4562,6852,2290,4562,6852
2012-11-12,1097,5172,6269,1097,5172,6269
2012-11-13,327,3767,4094,327,3767,4094
2012-11-14,373,5122,5495,373,5122,5495
2012-11-15,320,5125,5445,320,5125,5445
2012-11-16,484,5214,5698,484,5214,5698
2012-11-17,1313,4316,5629,1313,4316,5629
2012-11-18,922,3747,4669,922,3747,4669
2012-11-19,449,5050,5499,449,5050,5499
2012-11-20,534,5100,5634,534,5100,5634
2012-11-21,615,4531,5146,615,4531,5146
2012-11-22,955,1470,2425,955,1470,2425
2012-11-23,1603,2307,3910,1603,2307,3910
2012-11-24,532,1745,2277,532,1745,2277
2012-11-25,309,2115,2424,309,2115,2424
2012-11-26,337,4750,5087,337,4750,5087
2012-11-27,123,3836,3959,123,3836,3959
2012-11-28,198,5062,5260,198,5062,5260
2012-11-29,243,5080,5323,243,5080,5323
2012-11-30,362,5306,5668,362,5306,5668
2012-12-01,951,4240,5191,951,4240,5191
2012-12-02,892,3757,4649,892,3757,4649
2012-12-03,555,5679,6234,555,5679,6234
2012-12-04,551,6055,6606,551,6055,6606
2012-12-05,331,5398,5729,331,5398,5729
2012-12-06,340,5035,5375,340,5035,5375
2012-12-07,349,4659,5008,349,4659,5008
2012-12-08,1153,4429,5582,1153,4429,5582
2012-12-09,441,2787,3228,441,2787,3228
2012-12-10,329,4841,5170,329,4841,5170
2012-12-11,282,5219,5501,282,5219,5501
2012-12-12,310,5009,5319,310,5009,5319
2012-12-13,425,5107,5532,425,5107,5532
2012-12-14,429,5182,5611,429,5182,5611
2012-12-15,767,4280,5047,767,4280,5047
2012-12-16,538,3248,3786,538,3248,3786
2012-12-17,212,4373,4585,212,4373,4585
2012-12-18,433,5124,5557,433,5124,5557
2012-12-19,333,4934,5267,333,4934,5267
2012-12-20,314,3814,4128,314,3814,4128
2012-12-21,221,3402,3623,221,3402,3623
2012-12-22,205,1544,1749,205,1544,1749
2012-12-23,408,1379,1787,408,1379,1787
2012-12-24,174,746,920,174,746,920
2012-12-25,440,573,1013,440,573,1013
2012-12-26,9,432,441,9,432,441
2012-12-27,247,1867,2114,247,1867,2114
2012-12-28,644,2451,3095,644,2451,3095
2012-12-29,159,1182,1341,159,1182,1341
2012-12-30,364,1432,1796,364,1432,1796
2012-12-31,439,2290,2729,439,2290,2729
