hr,workingday,season,weathersit,n,mean
8,1,1,1,1,662.0
8,1,2,1,19,680.2105263157895
8,1,2,2,11,676.5454545454545
8,1,3,1,33,718.3636363636364
8,1,3,2,18,701.3333333333334
8,1,3,3,1,646.0
8,1,4,1,25,735.12
8,1,4,2,19,731.7894736842105
11,0,4,1,2,655.0
12,0,1,1,1,651.0
12,0,2,1,3,676.6666666666666
12,0,3,1,6,692.5
12,0,4,1,7,703.8571428571429
13,0,1,1,1,686.0
13,0,2,1,8,672.375
13,0,3,1,6,691.0
13,0,4,1,7,695.5714285714286
13,0,4,2,1,710.0
14,0,1,1,1,690.0
14,0,2,1,4,677.0
14,0,2,2,1,660.0
14,0,3,1,3,672.0
14,0,4,1,5,706.2
14,1,3,1,1,651.0
15,0,1,1,1,679.0
15,0,2,1,3,672.6666666666666
15,0,2,2,1,658.0
15,0,3,1,2,723.0
15,0,3,2,1,654.0
15,0,4,1,4,702.75
15,0,4,2,1,711.0
16,0,1,1,1,685.0
16,0,2,1,2,653.0
16,0,3,1,2,690.5
16,0,3,2,1,783.0
16,0,4,1,6,677.3333333333334
17,0,1,1,1,648.0
17,0,2,1,1,712.0
17,0,3,1,2,658.5
17,0,3,2,1,729.0
17,0,4,1,3,722.0
17,1,1,1,5,728.4
17,1,1,2,1,644.0
17,1,2,1,45,759.8222222222222
17,1,2,2,7,764.5714285714286
17,1,3,1,47,837.0
17,1,3,2,9,782.1111111111111
17,1,3,3,3,783.3333333333334
17,1,4,1,19,871.5263157894736
17,1,4,2,6,824.8333333333334
17,1,4,3,3,753.3333333333334
18,0,2,1,2,660.5
18,1,1,1,5,766.2
18,1,1,2,1,712.0
18,1,2,1,40,744.575
18,1,2,2,5,709.8
18,1,2,3,1,782.0
18,1,3,1,40,829.1
18,1,3,2,9,755.0
18,1,3,3,3,797.6666666666666
18,1,4,1,15,808.8666666666667
18,1,4,2,7,760.7142857142857
18,1,4,3,1,687.0
19,1,2,1,3,667.3333333333334
19,1,3,1,10,664.9
19,1,4,1,1,743.0
