instant,dteday,season,yr,mnth,hr,holiday,weekday,workingday,weathersit,temp,atemp,hum,windspeed,casual,registered,cnt
14774,2012-09-12,3,1,9,18,0,3,1,1,0.66,0.6212,0.44,0.2537,91,886,977
14965,2012-09-20,3,1,9,17,0,4,1,1,0.64,0.6212,0.5,0.2239,91,885,976
14749,2012-09-11,3,1,9,17,0,2,1,1,0.7,0.6364,0.28,0.0,168,802,970
14726,2012-09-10,3,1,9,18,0,1,1,1,0.62,0.6212,0.35,0.2985,111,857,968
15085,2012-09-25,4,1,9,17,0,2,1,1,0.66,0.6212,0.39,0.2836,107,860,967
15781,2012-10-24,4,1,10,17,0,3,1,1,0.66,0.6212,0.47,0.0,87,876,963
10623,2012-03-23,2,1,3,17,0,5,1,2,0.72,0.6515,0.42,0.1642,264,693,957
15109,2012-09-26,4,1,9,17,0,3,1,1,0.74,0.6667,0.48,0.2985,77,876,953
15445,2012-10-10,4,1,10,17,0,3,1,1,0.58,0.5455,0.43,0.2239,91,857,948
15589,2012-10-16,4,1,10,17,0,2,1,1,0.52,0.5,0.39,0.194,104,839,943
14294,2012-08-23,3,1,8,18,0,4,1,1,0.74,0.6667,0.48,0.2239,130,811,941
15757,2012-10-23,4,1,10,17,0,2,1,1,0.68,0.6364,0.41,0.0,67,871,938
14773,2012-09-12,3,1,9,17,0,3,1,1,0.7,0.6364,0.41,0.2985,114,811,925
15733,2012-10-22,4,1,10,17,0,1,1,1,0.62,0.6212,0.33,0.1045,84,838,922
15277,2012-10-03,4,1,10,17,0,3,1,1,0.7,0.6515,0.65,0.0,84,833,917
13597,2012-07-25,3,1,7,17,0,3,1,1,0.8,0.697,0.31,0.0,130,783,913
15133,2012-09-27,4,1,9,17,0,4,1,2,0.66,0.6212,0.69,0.2985,87,818,905
15301,2012-10-04,4,1,10,17,0,4,1,1,0.7,0.6515,0.51,0.2239,112,789,901
12901,2012-06-26,3,1,6,17,0,2,1,1,0.72,0.6515,0.28,0.4179,104,796,900
14966,2012-09-20,3,1,9,18,0,4,1,1,0.6,0.6212,0.56,0.2537,119,781,900
