hr,n,mean,median,sd,n_days,ci_low,ci_high,valid_bootstrap_draws,ci_status
0,726,53.89807162534435,40.0,42.30791003404278,726,49.41026532274021,58.455465066641366,2000,available
1,724,33.3756906077348,20.0,33.53872706611489,724,30.662482710926696,35.95307634354596,2000,available
2,715,22.86993006993007,11.0,26.57864245195643,715,21.09722480137276,24.633714072298908,2000,available
3,697,11.727403156384504,6.0,13.239190266312876,697,10.884415538370416,12.612153685494565,2000,available
4,697,6.352941176470588,6.0,4.1438183552359025,697,5.864228303798516,6.830698883605541,2000,available
5,717,19.88981868898187,19.0,13.200764731341142,717,18.175798628745554,21.56058535816325,2000,available
6,725,76.04413793103448,76.0,55.084347522412415,725,69.63360300599602,82.02253049980322,2000,available
7,727,212.0646492434663,208.0,161.44193559772296,727,194.31837184470817,229.6087345819752,2000,available
8,727,359.01100412654745,385.0,235.1892852124484,727,332.0335914573577,384.25407885910465,2000,available
9,727,219.30949105914718,216.0,93.70345760774772,727,204.22831652759777,233.6373705512594,2000,available
10,727,173.6685006877579,147.0,102.20541292255058,727,160.05620860142935,186.8110675973187,2000,available
11,727,208.1430536451169,180.0,127.49553615272876,727,191.941561888454,224.14995961296464,2000,available
12,728,253.31593406593407,229.0,145.0811343237911,728,234.49052586890073,272.60554283679284,2000,available
13,729,253.66117969821673,224.0,148.10765738131178,729,234.9221306262231,272.2110317596777,2000,available
14,729,240.94924554183814,212.0,147.2715735520281,729,223.53688661287413,258.66188186813184,2000,available
15,729,251.2331961591221,227.0,144.63254100816775,729,232.7987145303327,269.4148778179637,2000,available
16,730,311.9835616438356,304.5,148.68261832309963,730,287.96904191909323,335.03104009939943,2000,available
17,730,461.45205479452056,475.0,232.65661074026949,730,425.27307373583625,496.8794238683127,2000,available
18,728,425.510989010989,418.5,224.63930407538132,728,391.018311767775,458.77877153710483,2000,available
19,728,311.52335164835165,309.5,161.05035908362834,728,285.3711810869639,336.2811918284982,2000,available
20,728,226.03021978021977,223.5,119.67016416560729,728,206.76265389876883,244.92593612896644,2000,available
21,728,172.31456043956044,173.5,89.78889321506249,728,157.78220072139004,186.44177325361386,2000,available
22,728,131.33516483516485,129.0,69.93778154317229,728,120.33923182441701,142.407310403661,2000,available
23,728,87.83104395604396,80.0,50.84688857332534,728,80.47703875617948,95.16829436038513,2000,available
