hr,workingday,n,mean,median,sd,n_days,ci_low,ci_high,valid_bootstrap_draws,ci_status
0,0,230,90.8,93.5,48.69272696603311,230,82.18114176885916,99.28851516634052,2000,available
0,1,496,36.78629032258065,33.0,24.46714336808305,496,33.7347437393888,39.9452209900154,2000,available
1,0,230,69.50869565217391,71.0,36.54915232134873,230,63.14637552742616,75.67887455897302,2000,available
1,1,494,16.55263157894737,14.0,11.680337631181398,494,15.11709994683679,17.968466985715672,2000,available
2,0,228,53.171052631578945,54.0,27.852690610019753,228,48.39631723988068,57.75762174940898,2000,available
2,1,487,8.683778234086242,7.0,6.563915236079673,487,7.95049541723053,9.457500270182644,2000,available
3,0,227,25.77533039647577,25.0,14.89306155641272,227,23.460852250865717,28.074760865044706,2000,available
3,1,470,4.9425531914893615,4.0,3.4030742830646354,470,4.551946260141624,5.343152303028154,2000,available
4,0,227,8.26431718061674,7.0,5.20727068675578,227,7.47549099099099,9.08772895896128,2000,available
4,1,470,5.4297872340425535,5.0,3.129467545575962,470,4.978633356327606,5.892010672176018,2000,available
5,0,222,8.68918918918919,7.0,6.698940975955799,222,7.7259580384226485,9.773430206294229,2000,available
5,1,495,24.913131313131313,25.0,12.281389152993086,495,22.744201214599986,27.004075942749875,2000,available
6,0,229,18.74235807860262,16.0,16.064535300315324,229,16.33021739130435,21.306738604532722,2000,available
6,1,496,102.5,104.0,45.8126620051706,496,94.3817208946381,110.44128389976674,2000,available
7,0,231,43.40692640692641,39.0,37.79462515949503,231,38.06128167641325,49.668192718247305,2000,available
7,1,496,290.61290322580646,295.0,134.55824976806565,496,266.6815816326531,313.64150953984284,2000,available
8,0,231,105.65367965367966,94.0,74.3382485193391,231,94.03508507670851,118.71867526746378,2000,available
8,1,496,477.00604838709677,463.0,186.15375952573547,496,443.16330328683193,509.56717479674796,2000,available
9,0,231,171.62337662337663,170.0,92.51510414324683,231,154.58646623496762,188.41775442477874,2000,available
9,1,496,241.51814516129033,228.0,85.70586105735669,496,226.6414974416045,256.085875374006,2000,available
10,0,231,255.9090909090909,260.0,127.84425121674404,231,231.75380701658665,278.72356485794126,2000,available
10,1,496,135.36693548387098,133.0,55.6793347542028,496,125.86592261663286,144.69013082091186,2000,available
11,0,231,315.31601731601734,317.0,155.2507919287501,231,286.0594381277772,342.73231499104344,2000,available
11,1,496,158.2298387096774,157.0,69.17391051351305,496,146.4530923868313,169.40889228255708,2000,available
12,0,231,366.2597402597403,367.0,174.87558826807748,231,334.0269816627703,396.5660001858218,2000,available
12,1,497,200.8209255533199,201.0,89.26497640649048,497,185.89794155634485,215.41332275087652,2000,available
13,0,231,372.73160173160176,367.0,177.96564591915862,231,340.99790006519845,402.8326699343912,2000,available
13,1,498,198.429718875502,198.0,88.4768500700107,498,184.29439154546404,212.5760345238095,2000,available
14,0,231,364.64502164502164,361.0,172.34390406563986,231,334.53298678445736,394.0799328626667,2000,available
14,1,498,183.5722891566265,179.0,87.25701412646622,498,169.76043574746973,196.88284713624944,2000,available
15,0,231,358.8138528138528,361.0,169.10165447563077,231,329.3209375,387.13285398230084,2000,available
15,1,498,201.33132530120483,194.0,97.63981701050902,498,186.15719656283565,216.21583343682724,2000,available
16,0,231,352.72727272727275,356.0,171.59314643988068,231,321.3999267409791,381.66805555555555,2000,available
16,1,499,293.12224448897797,292.0,132.79884494621396,499,270.49582054108214,315.6111634308896,2000,available
17,0,231,323.54978354978357,322.0,174.11177291425255,231,292.1818508912917,353.12652813852816,2000,available
17,1,499,525.2905811623247,539.0,228.76104606389583,499,484.36929912810194,564.0145638893603,2000,available
18,0,230,281.05652173913046,276.5,155.80670850703598,230,253.42963231943494,308.05745135217956,2000,available
18,1,498,492.2269076305221,504.5,220.25816825483082,498,453.57489539078153,528.0264964191331,2000,available
19,0,230,231.67391304347825,232.0,130.68887924874753,230,207.92991197691197,254.60910326086955,2000,available
19,1,498,348.4016064257028,349.5,160.49085721287435,498,319.75757575757575,375.8718785211834,2000,available
20,0,230,174.7391304347826,176.0,100.85460908611486,230,156.3119656094978,193.40650417695082,2000,available
20,1,498,249.71887550200802,248.0,120.3406352655547,498,229.55158867572305,269.82936181262727,2000,available
21,0,230,142.0608695652174,136.5,86.64929937518241,230,126.8233673970997,157.36184807362054,2000,available
21,1,498,186.2871485943775,190.0,87.83112039454222,498,171.35595546966007,200.6323876558543,2000,available
22,0,230,116.06086956521739,106.5,72.68281116290059,230,104.4216211840888,128.1881670981953,2000,available
22,1,498,138.38955823293173,137.0,67.54934742416243,498,127.17498681573673,149.43734221223792,2000,available
23,0,230,85.9304347826087,72.5,54.97164362132743,230,77.59453136463682,94.17309802736735,2000,available
23,1,498,88.70883534136546,81.0,48.85746486965872,498,81.44678901028745,96.06218730390074,2000,available
